id,firstName,lastName,email,countryCode,countryName,departmentId,departmentName,jobTitleId,jobTitleTitle,level,hireDate,salary,currencyCode
27,Arjun,Chen,arjun.chen@acme.example,IN,India,5,Sales,24,Solutions Consultant,3,2023-01-17,2425000.00,INR
28,Gabriel,Santos,gabriel.santos@acme.example,IN,India,5,Sales,21,Account Executive,3,2022-04-06,2838000.00,INR
130,Lena,Rao,lena.rao@acme.example,IN,India,2,Product,6,Product Manager,3,2019-07-31,2640000.00,INR
149,Omar,Rao,omar.rao@acme.example,IN,India,5,Sales,21,Account Executive,3,2026-07-22,2619000.00,INR
187,Beatriz,Chen,beatriz.chen@acme.example,IN,India,7,Finance,34,Payroll Specialist,3,2016-11-30,1513000.00,INR
198,Jun,Clarke,jun.clarke@acme.example,IN,India,1,Engineering,1,Software Engineer,3,2024-01-03,2868000.00,INR
230,Rahul,Evans,rahul.evans@acme.example,IN,India,1,Engineering,1,Software Engineer,3,2015-08-24,3021000.00,INR
237,Meera,Silva,meera.silva@acme.example,IN,India,5,Sales,21,Account Executive,3,2018-07-09,2665000.00,INR
259,Meera,Martin,meera.martin@acme.example,IN,India,4,Data & Analytics,19,BI Developer,3,2018-07-25,2096000.00,INR
275,Ethan,Wilson,ethan.wilson@acme.example,IN,India,7,Finance,31,Accountant,3,2025-08-04,1474000.00,INR
306,Rahul,Weber,rahul.weber@acme.example,IN,India,7,Finance,31,Accountant,3,2026-02-01,1502000.00,INR
330,Lucas,Gupta,lucas.gupta@acme.example,IN,India,2,Product,9,Product Operations Specialist,3,2012-02-06,2042000.00,INR
338,Fatima,Brown,fatima.brown@acme.example,IN,India,7,Finance,35,Procurement Specialist,3,2013-04-05,1635000.00,INR
339,Ananya,Nair,ananya.nair@acme.example,IN,India,4,Data & Analytics,18,Data Engineer,3,2023-07-18,3140000.00,INR
353,Gabriel,Johnson,gabriel.johnson2@acme.example,IN,India,2,Product,9,Product Operations Specialist,3,2024-12-25,1925000.00,INR
358,Mei,Wong,mei.wong@acme.example,IN,India,3,Design,15,Content Designer,3,2021-09-18,2217000.00,INR
359,Ethan,Wong,ethan.wong@acme.example,IN,India,1,Engineering,1,Software Engineer,3,2012-11-19,2854000.00,INR
424,Fatima,Lim,fatima.lim@acme.example,IN,India,3,Design,11,UX Designer,3,2019-07-26,2192000.00,INR
429,Meera,Williams,meera.williams@acme.example,IN,India,1,Engineering,1,Software Engineer,3,2020-05-28,3099000.00,INR
450,Beatriz,Nguyen,beatriz.nguyen@acme.example,IN,India,1,Engineering,1,Software Engineer,3,2019-11-14,2607000.00,INR
471,Sneha,Nguyen,sneha.nguyen2@acme.example,IN,India,1,Engineering,5,Security Engineer,3,2018-03-30,3386000.00,INR
492,Sara,Wilson,sara.wilson@acme.example,IN,India,3,Design,13,UX Researcher,3,2021-02-12,1953000.00,INR
493,Olivia,Chen,olivia.chen@acme.example,IN,India,1,Engineering,2,QA Engineer,3,2022-10-03,2216000.00,INR
504,Chloe,Williams,chloe.williams@acme.example,IN,India,8,Human Resources,36,Recruiter,3,2014-11-28,1690000.00,INR
516,Daniel,Ng,daniel.ng@acme.example,IN,India,3,Design,11,UX Designer,3,2015-09-14,2227000.00,INR
518,Arjun,Souza,arjun.souza@acme.example,IN,India,3,Design,12,UI Designer,3,2016-02-18,2182000.00,INR
524,Priyanka,Weber,priyanka.weber2@acme.example,IN,India,7,Finance,32,Financial Analyst,3,2017-07-01,1778000.00,INR
529,Beatriz,Evans,beatriz.evans@acme.example,IN,India,4,Data & Analytics,20,ML Engineer,3,2014-04-23,2977000.00,INR
545,Lukas,Pereira,lukas.pereira@acme.example,IN,India,6,Marketing,27,Content Marketer,3,2022-11-21,1638000.00,INR
617,Liam,Singh,liam.singh2@acme.example,IN,India,4,Data & Analytics,18,Data Engineer,3,2019-05-28,2739000.00,INR
641,Lucas,Singh,lucas.singh@acme.example,IN,India,1,Engineering,1,Software Engineer,3,2017-10-25,2804000.00,INR
674,Jun,Nguyen,jun.nguyen3@acme.example,IN,India,6,Marketing,29,Brand Manager,3,2024-10-25,2090000.00,INR
699,Kenji,Santos,kenji.santos@acme.example,IN,India,6,Marketing,26,Marketing Manager,3,2015-06-14,2187000.00,INR
701,Kenji,Jones,kenji.jones2@acme.example,IN,India,2,Product,6,Product Manager,3,2015-06-30,2596000.00,INR
726,Olivia,Iyer,olivia.iyer@acme.example,IN,India,6,Marketing,26,Marketing Manager,3,2022-10-21,2241000.00,INR
743,Priyanka,Reddy,priyanka.reddy@acme.example,IN,India,7,Finance,32,Financial Analyst,3,2021-08-06,2042000.00,INR
745,Arjun,Becker,arjun.becker2@acme.example,IN,India,1,Engineering,2,QA Engineer,3,2012-10-12,2177000.00,INR
768,Fatima,Roy,fatima.roy@acme.example,IN,India,4,Data & Analytics,19,BI Developer,3,2018-05-25,1942000.00,INR
771,Sophia,Evans,sophia.evans@acme.example,IN,India,1,Engineering,1,Software Engineer,3,2024-09-08,2880000.00,INR
777,Lucas,Souza,lucas.souza2@acme.example,IN,India,5,Sales,25,Customer Success Manager,3,2012-02-01,2169000.00,INR
785,Aarav,Williams,aarav.williams2@acme.example,IN,India,1,Engineering,1,Software Engineer,3,2019-12-25,2549000.00,INR
788,Kenji,Gupta,kenji.gupta3@acme.example,IN,India,6,Marketing,28,SEO Specialist,3,2017-09-20,1683000.00,INR
817,Oliver,Costa,oliver.costa@acme.example,IN,India,6,Marketing,27,Content Marketer,3,2019-04-07,1674000.00,INR
825,Hannah,Chen,hannah.chen@acme.example,IN,India,4,Data & Analytics,16,Data Analyst,3,2021-01-04,2198000.00,INR
844,Mateus,Iyer,mateus.iyer@acme.example,IN,India,8,Human Resources,38,Compensation Analyst,3,2016-12-06,1695000.00,INR
863,Priya,Kim,priya.kim@acme.example,IN,India,4,Data & Analytics,20,ML Engineer,3,2023-09-06,2923000.00,INR
868,James,Silva,james.silva@acme.example,IN,India,2,Product,7,Technical Program Manager,3,2025-01-19,2970000.00,INR
889,Liam,Martin,liam.martin@acme.example,IN,India,1,Engineering,3,DevOps Engineer,3,2018-06-26,2774000.00,INR
892,Gabriel,Silva,gabriel.silva2@acme.example,IN,India,1,Engineering,1,Software Engineer,3,2022-04-21,2727000.00,INR
912,Kenji,Santos,kenji.santos2@acme.example,IN,India,2,Product,7,Technical Program Manager,3,2026-06-19,3133000.00,INR
929,Sophia,Taylor,sophia.taylor2@acme.example,IN,India,4,Data & Analytics,16,Data Analyst,3,2024-04-09,1889000.00,INR
944,Oliver,Wilson,oliver.wilson@acme.example,IN,India,1,Engineering,1,Software Engineer,3,2025-06-18,2485000.00,INR
999,Fatima,Lee,fatima.lee3@acme.example,IN,India,6,Marketing,28,SEO Specialist,3,2013-07-14,1627000.00,INR
1006,Arjun,Pereira,arjun.pereira@acme.example,IN,India,1,Engineering,3,DevOps Engineer,3,2018-08-10,2874000.00,INR
1017,Aarav,Sharma,aarav.sharma2@acme.example,IN,India,1,Engineering,1,Software Engineer,3,2026-04-30,2868000.00,INR
1031,Olivia,Oliveira,olivia.oliveira2@acme.example,IN,India,5,Sales,21,Account Executive,3,2012-06-14,2557000.00,INR
1054,Noah,Weber,noah.weber@acme.example,IN,India,6,Marketing,27,Content Marketer,3,2018-02-24,1580000.00,INR
1070,Vikram,Clarke,vikram.clarke@acme.example,IN,India,3,Design,11,UX Designer,3,2023-08-22,2098000.00,INR
1080,Lukas,Patel,lukas.patel@acme.example,IN,India,1,Engineering,1,Software Engineer,3,2012-08-09,2403000.00,INR
1099,Isabella,Becker,isabella.becker2@acme.example,IN,India,6,Marketing,27,Content Marketer,3,2017-10-18,1604000.00,INR
1123,Priya,Oliveira,priya.oliveira3@acme.example,IN,India,8,Human Resources,37,HR Business Partner,3,2017-12-27,1964000.00,INR
1129,Rahul,Iyer,rahul.iyer@acme.example,IN,India,4,Data & Analytics,20,ML Engineer,3,2020-03-18,2856000.00,INR
1133,Felix,Gupta,felix.gupta2@acme.example,IN,India,6,Marketing,28,SEO Specialist,3,2012-12-30,1533000.00,INR
1171,Beatriz,Mueller,beatriz.mueller@acme.example,IN,India,1,Engineering,1,Software Engineer,3,2016-04-15,2877000.00,INR
1183,Felix,Patel,felix.patel2@acme.example,IN,India,4,Data & Analytics,16,Data Analyst,3,2018-07-19,1993000.00,INR
1232,Priya,Wilson,priya.wilson@acme.example,IN,India,2,Product,7,Technical Program Manager,3,2012-07-04,2750000.00,INR
1253,Sneha,Wilson,sneha.wilson@acme.example,IN,India,1,Engineering,1,Software Engineer,3,2026-06-23,2718000.00,INR
1258,Priyanka,Ng,priyanka.ng2@acme.example,IN,India,1,Engineering,1,Software Engineer,3,2012-06-30,2595000.00,INR
1286,Ananya,Lee,ananya.lee3@acme.example,IN,India,4,Data & Analytics,19,BI Developer,3,2018-05-11,1829000.00,INR
1291,Daniel,Martin,daniel.martin@acme.example,IN,India,1,Engineering,1,Software Engineer,3,2022-02-27,2318000.00,INR
1329,James,Roy,james.roy3@acme.example,IN,India,1,Engineering,2,QA Engineer,3,2015-08-12,2023000.00,INR
1371,Jonas,Becker,jonas.becker@acme.example,IN,India,5,Sales,25,Customer Success Manager,3,2019-12-03,2197000.00,INR
1398,Chloe,Lee,chloe.lee@acme.example,IN,India,1,Engineering,1,Software Engineer,3,2024-09-04,2363000.00,INR
1408,Noah,Wagner,noah.wagner2@acme.example,IN,India,3,Design,13,UX Researcher,3,2024-01-05,2221000.00,INR
1412,Omar,Iyer,omar.iyer3@acme.example,IN,India,4,Data & Analytics,18,Data Engineer,3,2023-04-08,3288000.00,INR
1437,Ananya,Rao,ananya.rao@acme.example,IN,India,5,Sales,25,Customer Success Manager,3,2022-05-23,1913000.00,INR
1444,Hannah,Oliveira,hannah.oliveira2@acme.example,IN,India,1,Engineering,1,Software Engineer,3,2017-11-18,2891000.00,INR
1446,Vikram,Lim,vikram.lim@acme.example,IN,India,2,Product,9,Product Operations Specialist,3,2022-06-08,1910000.00,INR
1454,Daniel,Smith,daniel.smith@acme.example,IN,India,2,Product,9,Product Operations Specialist,3,2017-01-27,1749000.00,INR
1456,Sneha,Ng,sneha.ng3@acme.example,IN,India,5,Sales,21,Account Executive,3,2016-07-06,2577000.00,INR
1463,Oliver,Patel,oliver.patel2@acme.example,IN,India,1,Engineering,1,Software Engineer,3,2022-07-27,2383000.00,INR
1491,Sophia,Martin,sophia.martin2@acme.example,IN,India,6,Marketing,28,SEO Specialist,3,2015-10-26,1604000.00,INR
1496,Felix,Sharma,felix.sharma@acme.example,IN,India,3,Design,13,UX Researcher,3,2024-04-24,2441000.00,INR
1498,Mia,Costa,mia.costa2@acme.example,IN,India,4,Data & Analytics,18,Data Engineer,3,2012-10-09,3049000.00,INR
1506,Rahul,Kim,rahul.kim2@acme.example,IN,India,5,Sales,21,Account Executive,3,2023-11-01,2636000.00,INR
1510,Camila,Patel,camila.patel@acme.example,IN,India,4,Data & Analytics,18,Data Engineer,3,2013-08-03,2586000.00,INR
1514,Chloe,Tan,chloe.tan2@acme.example,IN,India,8,Human Resources,37,HR Business Partner,3,2024-12-17,1912000.00,INR
1538,Aarav,Jones,aarav.jones2@acme.example,IN,India,2,Product,8,Business Analyst,3,2015-08-19,1918000.00,INR
1544,Mia,Silva,mia.silva3@acme.example,IN,India,7,Finance,35,Procurement Specialist,3,2012-08-01,1775000.00,INR
1556,Hannah,Ng,hannah.ng2@acme.example,IN,India,4,Data & Analytics,20,ML Engineer,3,2015-07-10,2571000.00,INR
1557,Sneha,Kim,sneha.kim3@acme.example,IN,India,1,Engineering,2,QA Engineer,3,2026-01-17,2007000.00,INR
1569,Lena,Gupta,lena.gupta@acme.example,IN,India,3,Design,11,UX Designer,3,2015-11-03,2309000.00,INR
1609,Meera,Lim,meera.lim@acme.example,IN,India,2,Product,6,Product Manager,3,2025-01-28,2586000.00,INR
1615,Arjun,Davies,arjun.davies@acme.example,IN,India,1,Engineering,1,Software Engineer,3,2013-05-08,2701000.00,INR
1632,Liam,Singh,liam.singh4@acme.example,IN,India,4,Data & Analytics,20,ML Engineer,3,2018-07-14,3284000.00,INR
1638,Sara,Gupta,sara.gupta3@acme.example,IN,India,8,Human Resources,36,Recruiter,3,2014-02-10,1519000.00,INR
1656,Ethan,Smith,ethan.smith@acme.example,IN,India,6,Marketing,28,SEO Specialist,3,2024-09-23,1566000.00,INR
1664,Mateus,Rao,mateus.rao2@acme.example,IN,India,1,Engineering,1,Software Engineer,3,2018-11-12,2762000.00,INR
1681,Felix,Fischer,felix.fischer3@acme.example,IN,India,1,Engineering,1,Software Engineer,3,2016-05-25,2580000.00,INR
1693,Sneha,Weber,sneha.weber2@acme.example,IN,India,5,Sales,21,Account Executive,3,2012-10-11,2285000.00,INR
1720,Fatima,Oliveira,fatima.oliveira2@acme.example,IN,India,6,Marketing,27,Content Marketer,3,2018-10-11,1679000.00,INR
1766,Aarav,Kim,aarav.kim@acme.example,IN,India,1,Engineering,3,DevOps Engineer,3,2018-10-23,2597000.00,INR
1771,Olivia,Taylor,olivia.taylor@acme.example,IN,India,2,Product,6,Product Manager,3,2018-11-02,2534000.00,INR
1778,Priya,Iyer,priya.iyer3@acme.example,IN,India,4,Data & Analytics,16,Data Analyst,3,2014-06-29,2052000.00,INR
1844,Mei,Nguyen,mei.nguyen2@acme.example,IN,India,1,Engineering,2,QA Engineer,3,2012-09-08,2030000.00,INR
1845,Omar,Lim,omar.lim3@acme.example,IN,India,1,Engineering,2,QA Engineer,3,2013-08-11,2116000.00,INR
1856,Omar,Evans,omar.evans2@acme.example,IN,India,6,Marketing,27,Content Marketer,3,2019-10-15,1620000.00,INR
1870,Rahul,Wagner,rahul.wagner@acme.example,IN,India,4,Data & Analytics,18,Data Engineer,3,2019-10-15,3115000.00,INR
1873,Camila,Davies,camila.davies3@acme.example,IN,India,6,Marketing,27,Content Marketer,3,2015-11-02,1503000.00,INR
1890,Gabriel,Pereira,gabriel.pereira2@acme.example,IN,India,1,Engineering,2,QA Engineer,3,2012-01-25,1704000.00,INR
1904,Vikram,Davies,vikram.davies4@acme.example,IN,India,1,Engineering,2,QA Engineer,3,2022-08-22,2126000.00,INR
1909,Lukas,Iyer,lukas.iyer@acme.example,IN,India,3,Design,12,UI Designer,3,2017-01-20,2405000.00,INR
1927,Mateus,Reddy,mateus.reddy3@acme.example,IN,India,6,Marketing,30,Growth Marketer,3,2021-10-03,2030000.00,INR
1946,Mei,Mueller,mei.mueller@acme.example,IN,India,6,Marketing,30,Growth Marketer,3,2022-09-22,2284000.00,INR
1954,Ananya,Pereira,ananya.pereira4@acme.example,IN,India,5,Sales,21,Account Executive,3,2012-11-15,2639000.00,INR
1968,Ananya,Singh,ananya.singh@acme.example,IN,India,4,Data & Analytics,18,Data Engineer,3,2023-08-07,2845000.00,INR
1969,Lukas,Reddy,lukas.reddy2@acme.example,IN,India,3,Design,11,UX Designer,3,2017-08-01,2092000.00,INR
2019,Emma,Silva,emma.silva4@acme.example,IN,India,1,Engineering,1,Software Engineer,3,2024-10-14,2603000.00,INR
2037,Kenji,Gupta,kenji.gupta5@acme.example,IN,India,5,Sales,25,Customer Success Manager,3,2025-12-26,2234000.00,INR
2049,Wei,Davies,wei.davies2@acme.example,IN,India,5,Sales,25,Customer Success Manager,3,2025-11-19,2154000.00,INR
2078,Vikram,Kim,vikram.kim3@acme.example,IN,India,3,Design,11,UX Designer,3,2026-04-19,2292000.00,INR
2093,Daniel,Oliveira,daniel.oliveira@acme.example,IN,India,1,Engineering,1,Software Engineer,3,2023-10-25,2671000.00,INR
2115,Beatriz,Evans,beatriz.evans2@acme.example,IN,India,1,Engineering,3,DevOps Engineer,3,2017-04-12,2590000.00,INR
2119,Hannah,Fischer,hannah.fischer2@acme.example,IN,India,8,Human Resources,37,HR Business Partner,3,2022-11-16,2048000.00,INR
2127,Felix,Iyer,felix.iyer2@acme.example,IN,India,1,Engineering,3,DevOps Engineer,3,2016-07-11,3017000.00,INR
2131,Sophia,Brown,sophia.brown3@acme.example,IN,India,5,Sales,21,Account Executive,3,2025-12-05,2328000.00,INR
2135,Fatima,Davies,fatima.davies@acme.example,IN,India,2,Product,8,Business Analyst,3,2017-10-22,1992000.00,INR
2139,Kenji,Sharma,kenji.sharma2@acme.example,IN,India,1,Engineering,1,Software Engineer,3,2018-02-20,2891000.00,INR
2151,Priya,Oliveira,priya.oliveira6@acme.example,IN,India,7,Finance,31,Accountant,3,2026-02-09,1812000.00,INR
2152,Wei,Ng,wei.ng@acme.example,IN,India,1,Engineering,1,Software Engineer,3,2017-01-16,2768000.00,INR
2154,Mateus,Wong,mateus.wong@acme.example,IN,India,8,Human Resources,36,Recruiter,3,2023-12-08,1600000.00,INR
2169,Mateus,Chen,mateus.chen3@acme.example,IN,India,3,Design,15,Content Designer,3,2013-01-06,2125000.00,INR
2189,Beatriz,Fischer,beatriz.fischer2@acme.example,IN,India,6,Marketing,26,Marketing Manager,3,2019-11-23,1985000.00,INR
2236,Ananya,Silva,ananya.silva3@acme.example,IN,India,1,Engineering,1,Software Engineer,3,2025-03-19,2285000.00,INR
2264,Oliver,Silva,oliver.silva@acme.example,IN,India,4,Data & Analytics,16,Data Analyst,3,2015-03-22,1939000.00,INR
2291,Hui,Singh,hui.singh@acme.example,IN,India,1,Engineering,1,Software Engineer,3,2014-12-31,2569000.00,INR
2319,Charlotte,Taylor,charlotte.taylor@acme.example,IN,India,1,Engineering,3,DevOps Engineer,3,2012-04-06,3273000.00,INR
2375,Daniel,Reddy,daniel.reddy2@acme.example,IN,India,5,Sales,24,Solutions Consultant,3,2015-01-22,2247000.00,INR
2389,Jun,Lim,jun.lim2@acme.example,IN,India,1,Engineering,2,QA Engineer,3,2012-06-10,1843000.00,INR
2405,Chloe,Wilson,chloe.wilson3@acme.example,IN,India,3,Design,11,UX Designer,3,2018-10-10,2353000.00,INR
2414,Sneha,Rao,sneha.rao3@acme.example,IN,India,8,Human Resources,38,Compensation Analyst,3,2024-04-07,1972000.00,INR
2425,Lucas,Lee,lucas.lee@acme.example,IN,India,5,Sales,21,Account Executive,3,2013-12-27,2643000.00,INR
2429,Oliver,Sharma,oliver.sharma4@acme.example,IN,India,1,Engineering,5,Security Engineer,3,2021-12-19,3099000.00,INR
2435,Olivia,Ng,olivia.ng3@acme.example,IN,India,3,Design,15,Content Designer,3,2013-11-03,1562000.00,INR
2438,Mei,Taylor,mei.taylor2@acme.example,IN,India,4,Data & Analytics,19,BI Developer,3,2017-07-27,1879000.00,INR
2440,Mei,Costa,mei.costa2@acme.example,IN,India,2,Product,7,Technical Program Manager,3,2017-06-10,2692000.00,INR
2441,Rahul,Jones,rahul.jones2@acme.example,IN,India,7,Finance,31,Accountant,3,2020-11-05,1836000.00,INR
2485,Wei,Wong,wei.wong3@acme.example,IN,India,1,Engineering,1,Software Engineer,3,2015-02-10,2480000.00,INR
2499,Lukas,Santos,lukas.santos4@acme.example,IN,India,4,Data & Analytics,18,Data Engineer,3,2013-07-02,2855000.00,INR
2507,Lucas,Sharma,lucas.sharma3@acme.example,IN,India,1,Engineering,1,Software Engineer,3,2023-01-03,2733000.00,INR
2518,James,Nguyen,james.nguyen2@acme.example,IN,India,7,Finance,31,Accountant,3,2013-04-08,1605000.00,INR
2530,Arjun,Wong,arjun.wong2@acme.example,IN,India,7,Finance,32,Financial Analyst,3,2020-11-17,1995000.00,INR
2535,Beatriz,Wong,beatriz.wong3@acme.example,IN,India,1,Engineering,1,Software Engineer,3,2022-03-26,3007000.00,INR
2579,Sneha,Reddy,sneha.reddy@acme.example,IN,India,4,Data & Analytics,20,ML Engineer,3,2015-09-20,3327000.00,INR
2580,Beatriz,Davies,beatriz.davies2@acme.example,IN,India,1,Engineering,1,Software Engineer,3,2023-09-15,2544000.00,INR
2590,Hannah,Sharma,hannah.sharma2@acme.example,IN,India,1,Engineering,1,Software Engineer,3,2022-03-17,2502000.00,INR
2625,Gabriel,Kim,gabriel.kim@acme.example,IN,India,4,Data & Analytics,17,Data Scientist,3,2024-12-09,2946000.00,INR
2655,Oliver,Nguyen,oliver.nguyen2@acme.example,IN,India,1,Engineering,1,Software Engineer,3,2025-07-09,2810000.00,INR
2668,Lukas,Reddy,lukas.reddy3@acme.example,IN,India,1,Engineering,5,Security Engineer,3,2025-11-30,3389000.00,INR
2712,Arjun,Wagner,arjun.wagner4@acme.example,IN,India,1,Engineering,2,QA Engineer,3,2024-06-04,1937000.00,INR
2741,Priyanka,Wong,priyanka.wong4@acme.example,IN,India,1,Engineering,1,Software Engineer,3,2025-12-25,2505000.00,INR
2747,Olivia,Chen,olivia.chen2@acme.example,IN,India,5,Sales,24,Solutions Consultant,3,2019-07-24,2472000.00,INR
2774,Ananya,Tan,ananya.tan4@acme.example,IN,India,1,Engineering,1,Software Engineer,3,2016-10-11,3004000.00,INR
2795,Arjun,Brown,arjun.brown2@acme.example,IN,India,4,Data & Analytics,16,Data Analyst,3,2016-11-21,1950000.00,INR
2848,Daniel,Iyer,daniel.iyer5@acme.example,IN,India,1,Engineering,5,Security Engineer,3,2025-07-28,2650000.00,INR
2867,Gabriel,Oliveira,gabriel.oliveira2@acme.example,IN,India,3,Design,12,UI Designer,3,2015-05-19,2092000.00,INR
2875,Sophia,Wagner,sophia.wagner@acme.example,IN,India,5,Sales,21,Account Executive,3,2022-06-10,2374000.00,INR
2916,Aarav,Wagner,aarav.wagner5@acme.example,IN,India,5,Sales,25,Customer Success Manager,3,2013-10-18,2041000.00,INR
2917,Liam,Lee,liam.lee@acme.example,IN,India,4,Data & Analytics,17,Data Scientist,3,2017-02-28,3017000.00,INR
2957,Lena,Mueller,lena.mueller@acme.example,IN,India,6,Marketing,30,Growth Marketer,3,2013-11-18,1961000.00,INR
3000,Fatima,Lim,fatima.lim8@acme.example,IN,India,2,Product,8,Business Analyst,3,2023-03-12,2225000.00,INR
3060,Jonas,Tan,jonas.tan5@acme.example,IN,India,1,Engineering,1,Software Engineer,3,2021-11-19,2636000.00,INR
3089,Priyanka,Silva,priyanka.silva4@acme.example,IN,India,7,Finance,31,Accountant,3,2018-01-31,1565000.00,INR
3121,Meera,Lim,meera.lim2@acme.example,IN,India,7,Finance,32,Financial Analyst,3,2019-08-01,1938000.00,INR
3138,Fatima,Nair,fatima.nair@acme.example,IN,India,1,Engineering,1,Software Engineer,3,2013-10-17,2275000.00,INR
3151,Jun,Oliveira,jun.oliveira3@acme.example,IN,India,6,Marketing,26,Marketing Manager,3,2015-01-07,1867000.00,INR
3172,Charlotte,Reddy,charlotte.reddy4@acme.example,IN,India,1,Engineering,5,Security Engineer,3,2021-07-06,3103000.00,INR
3197,Gabriel,Williams,gabriel.williams6@acme.example,IN,India,1,Engineering,2,QA Engineer,3,2019-01-29,1990000.00,INR
3221,Hannah,Schmidt,hannah.schmidt2@acme.example,IN,India,1,Engineering,2,QA Engineer,3,2018-04-18,1845000.00,INR
3223,Lukas,Rao,lukas.rao@acme.example,IN,India,1,Engineering,1,Software Engineer,3,2014-10-27,2765000.00,INR
3292,Lena,Ng,lena.ng5@acme.example,IN,India,1,Engineering,5,Security Engineer,3,2013-08-25,3360000.00,INR
3302,Noah,Nguyen,noah.nguyen2@acme.example,IN,India,4,Data & Analytics,17,Data Scientist,3,2012-04-04,2835000.00,INR
3322,Vikram,Taylor,vikram.taylor2@acme.example,IN,India,4,Data & Analytics,16,Data Analyst,3,2024-07-10,2037000.00,INR
3332,James,Iyer,james.iyer3@acme.example,IN,India,7,Finance,35,Procurement Specialist,3,2016-03-15,1620000.00,INR
3345,James,Fischer,james.fischer2@acme.example,IN,India,7,Finance,32,Financial Analyst,3,2023-09-04,1762000.00,INR
3372,Lucas,Weber,lucas.weber4@acme.example,IN,India,2,Product,8,Business Analyst,3,2015-05-11,1782000.00,INR
3376,Charlotte,Clarke,charlotte.clarke3@acme.example,IN,India,1,Engineering,1,Software Engineer,3,2014-07-05,2321000.00,INR
3381,Gabriel,Brown,gabriel.brown2@acme.example,IN,India,1,Engineering,1,Software Engineer,3,2017-07-28,2514000.00,INR
3385,Jun,Singh,jun.singh2@acme.example,IN,India,1,Engineering,1,Software Engineer,3,2022-10-29,2417000.00,INR
3398,Hui,Evans,hui.evans5@acme.example,IN,India,6,Marketing,28,SEO Specialist,3,2021-12-24,1699000.00,INR
3435,Gabriel,Wilson,gabriel.wilson4@acme.example,IN,India,1,Engineering,5,Security Engineer,3,2012-06-23,3049000.00,INR
3441,Olivia,Fischer,olivia.fischer2@acme.example,IN,India,1,Engineering,2,QA Engineer,3,2025-04-18,2048000.00,INR
3454,Sophia,Singh,sophia.singh@acme.example,IN,India,1,Engineering,1,Software Engineer,3,2025-06-20,2981000.00,INR
3474,Daniel,Gupta,daniel.gupta4@acme.example,IN,India,7,Finance,32,Financial Analyst,3,2025-11-26,2199000.00,INR
3503,Priyanka,Nguyen,priyanka.nguyen4@acme.example,IN,India,3,Design,15,Content Designer,3,2013-05-26,2202000.00,INR
3507,Olivia,Martin,olivia.martin4@acme.example,IN,India,2,Product,6,Product Manager,3,2016-10-22,2654000.00,INR
3524,Jonas,Rao,jonas.rao5@acme.example,IN,India,2,Product,9,Product Operations Specialist,3,2015-02-24,2009000.00,INR
3549,Vikram,Lim,vikram.lim3@acme.example,IN,India,7,Finance,32,Financial Analyst,3,2016-01-24,1733000.00,INR
3553,Jonas,Kim,jonas.kim3@acme.example,IN,India,6,Marketing,30,Growth Marketer,3,2023-04-05,1926000.00,INR
3567,Arjun,Wagner,arjun.wagner5@acme.example,IN,India,8,Human Resources,38,Compensation Analyst,3,2015-12-10,1808000.00,INR
3568,Lucas,Patel,lucas.patel5@acme.example,IN,India,1,Engineering,2,QA Engineer,3,2019-01-08,2072000.00,INR
3595,Sophia,Nguyen,sophia.nguyen@acme.example,IN,India,1,Engineering,1,Software Engineer,3,2012-04-21,2433000.00,INR
3622,Wei,Reddy,wei.reddy3@acme.example,IN,India,1,Engineering,1,Software Engineer,3,2014-02-15,2491000.00,INR
3636,Omar,Lim,omar.lim5@acme.example,IN,India,8,Human Resources,36,Recruiter,3,2018-08-21,1761000.00,INR
3637,Liam,Costa,liam.costa@acme.example,IN,India,1,Engineering,1,Software Engineer,3,2013-10-11,2941000.00,INR
3644,Priya,Souza,priya.souza2@acme.example,IN,India,1,Engineering,1,Software Engineer,3,2024-10-21,2456000.00,INR
3656,Jun,Wilson,jun.wilson5@acme.example,IN,India,7,Finance,31,Accountant,3,2015-07-05,1580000.00,INR
3675,Hannah,Evans,hannah.evans4@acme.example,IN,India,1,Engineering,2,QA Engineer,3,2023-04-18,2304000.00,INR
3683,Sneha,Williams,sneha.williams2@acme.example,IN,India,1,Engineering,2,QA Engineer,3,2023-04-03,2185000.00,INR
3694,Olivia,Santos,olivia.santos6@acme.example,IN,India,4,Data & Analytics,20,ML Engineer,3,2024-11-17,3438000.00,INR
3696,Isabella,Souza,isabella.souza2@acme.example,IN,India,6,Marketing,29,Brand Manager,3,2025-04-21,1969000.00,INR
3707,Sneha,Pereira,sneha.pereira2@acme.example,IN,India,7,Finance,31,Accountant,3,2024-08-19,1659000.00,INR
3749,Ananya,Becker,ananya.becker3@acme.example,IN,India,2,Product,6,Product Manager,3,2012-09-20,3002000.00,INR
3760,Priyanka,Chen,priyanka.chen3@acme.example,IN,India,6,Marketing,26,Marketing Manager,3,2024-01-30,1905000.00,INR
3781,Sophia,Smith,sophia.smith4@acme.example,IN,India,4,Data & Analytics,18,Data Engineer,3,2022-02-23,2704000.00,INR
3785,Jonas,Williams,jonas.williams4@acme.example,IN,India,1,Engineering,1,Software Engineer,3,2013-05-13,2508000.00,INR
3805,James,Singh,james.singh4@acme.example,IN,India,2,Product,6,Product Manager,3,2018-02-19,2863000.00,INR
3807,Hui,Wagner,hui.wagner3@acme.example,IN,India,1,Engineering,3,DevOps Engineer,3,2024-01-05,2902000.00,INR
3812,James,Smith,james.smith3@acme.example,IN,India,4,Data & Analytics,18,Data Engineer,3,2013-04-15,3013000.00,INR
3818,James,Tan,james.tan3@acme.example,IN,India,6,Marketing,29,Brand Manager,3,2022-03-20,2006000.00,INR
3842,Lucas,Rao,lucas.rao@acme.example,IN,India,6,Marketing,30,Growth Marketer,3,2015-05-20,2355000.00,INR
3856,Sneha,Weber,sneha.weber4@acme.example,IN,India,7,Finance,34,Payroll Specialist,3,2017-07-19,1564000.00,INR
3858,Charlotte,Ng,charlotte.ng2@acme.example,IN,India,1,Engineering,1,Software Engineer,3,2018-08-31,2487000.00,INR
3870,Vikram,Martin,vikram.martin2@acme.example,IN,India,6,Marketing,27,Content Marketer,3,2017-08-30,1620000.00,INR
3872,Hui,Rao,hui.rao2@acme.example,IN,India,4,Data & Analytics,20,ML Engineer,3,2016-12-17,2577000.00,INR
3886,Gabriel,Roy,gabriel.roy4@acme.example,IN,India,2,Product,6,Product Manager,3,2024-01-31,2498000.00,INR
3961,Gabriel,Nguyen,gabriel.nguyen6@acme.example,IN,India,4,Data & Analytics,17,Data Scientist,3,2019-10-25,3161000.00,INR
3985,Lena,Clarke,lena.clarke3@acme.example,IN,India,6,Marketing,30,Growth Marketer,3,2014-11-25,1876000.00,INR
4032,Felix,Evans,felix.evans6@acme.example,IN,India,6,Marketing,30,Growth Marketer,3,2022-10-18,2035000.00,INR
4038,Noah,Gupta,noah.gupta4@acme.example,IN,India,4,Data & Analytics,17,Data Scientist,3,2017-01-30,3368000.00,INR
4136,Beatriz,Silva,beatriz.silva2@acme.example,IN,India,4,Data & Analytics,16,Data Analyst,3,2022-02-24,1840000.00,INR
4139,Arjun,Weber,arjun.weber4@acme.example,IN,India,3,Design,11,UX Designer,3,2013-07-03,2216000.00,INR
4160,Wei,Patel,wei.patel@acme.example,IN,India,1,Engineering,1,Software Engineer,3,2026-03-15,3165000.00,INR
4173,Kenji,Smith,kenji.smith5@acme.example,IN,India,7,Finance,31,Accountant,3,2024-05-21,1681000.00,INR
4204,James,Wagner,james.wagner3@acme.example,IN,India,2,Product,8,Business Analyst,3,2020-04-03,1998000.00,INR
4208,Lukas,Sharma,lukas.sharma3@acme.example,IN,India,4,Data & Analytics,18,Data Engineer,3,2016-02-06,2477000.00,INR
4210,Isabella,Patel,isabella.patel4@acme.example,IN,India,1,Engineering,1,Software Engineer,3,2014-07-17,2485000.00,INR
4255,Daniel,Iyer,daniel.iyer6@acme.example,IN,India,1,Engineering,5,Security Engineer,3,2014-05-04,2822000.00,INR
4257,Hui,Martin,hui.martin3@acme.example,IN,India,6,Marketing,29,Brand Manager,3,2013-05-08,1908000.00,INR
4282,Beatriz,Chen,beatriz.chen4@acme.example,IN,India,2,Product,6,Product Manager,3,2020-12-07,2595000.00,INR
4285,Noah,Jones,noah.jones4@acme.example,IN,India,1,Engineering,2,QA Engineer,3,2014-12-13,2179000.00,INR
4288,Ethan,Lim,ethan.lim3@acme.example,IN,India,1,Engineering,1,Software Engineer,3,2022-11-09,2478000.00,INR
4292,Emma,Silva,emma.silva7@acme.example,IN,India,1,Engineering,1,Software Engineer,3,2013-03-24,2680000.00,INR
4293,Kenji,Clarke,kenji.clarke3@acme.example,IN,India,5,Sales,21,Account Executive,3,2017-12-05,2663000.00,INR
4297,Mia,Singh,mia.singh@acme.example,IN,India,7,Finance,34,Payroll Specialist,3,2016-06-07,1642000.00,INR
4300,James,Iyer,james.iyer4@acme.example,IN,India,5,Sales,25,Customer Success Manager,3,2017-03-21,2409000.00,INR
4326,Rahul,Sharma,rahul.sharma4@acme.example,IN,India,5,Sales,24,Solutions Consultant,3,2015-07-30,2501000.00,INR
4340,Mia,Ng,mia.ng2@acme.example,IN,India,1,Engineering,2,QA Engineer,3,2020-12-26,1969000.00,INR
4354,Sophia,Martin,sophia.martin6@acme.example,IN,India,1,Engineering,1,Software Engineer,3,2020-08-13,2751000.00,INR
4358,Lena,Martin,lena.martin6@acme.example,IN,India,1,Engineering,1,Software Engineer,3,2013-04-23,2695000.00,INR
4367,Mia,Silva,mia.silva6@acme.example,IN,India,1,Engineering,3,DevOps Engineer,3,2013-07-28,3078000.00,INR
4374,Camila,Nair,camila.nair4@acme.example,IN,India,3,Design,12,UI Designer,3,2016-08-12,2158000.00,INR
4399,Ethan,Tan,ethan.tan5@acme.example,IN,India,1,Engineering,2,QA Engineer,3,2013-05-09,2100000.00,INR
4408,Sara,Tan,sara.tan5@acme.example,IN,India,2,Product,8,Business Analyst,3,2022-05-03,2090000.00,INR
4417,Daniel,Nair,daniel.nair3@acme.example,IN,India,2,Product,7,Technical Program Manager,3,2017-10-22,2876000.00,INR
4442,Oliver,Becker,oliver.becker7@acme.example,IN,India,2,Product,8,Business Analyst,3,2018-03-06,1955000.00,INR
4443,Fatima,Nair,fatima.nair4@acme.example,IN,India,2,Product,7,Technical Program Manager,3,2017-10-03,2877000.00,INR
4444,Daniel,Martin,daniel.martin3@acme.example,IN,India,2,Product,7,Technical Program Manager,3,2022-12-01,2420000.00,INR
4544,Lucas,Wilson,lucas.wilson2@acme.example,IN,India,3,Design,12,UI Designer,3,2013-08-10,2289000.00,INR
4546,Vikram,Souza,vikram.souza2@acme.example,IN,India,4,Data & Analytics,16,Data Analyst,3,2012-06-09,1885000.00,INR
4548,Arjun,Pereira,arjun.pereira5@acme.example,IN,India,8,Human Resources,37,HR Business Partner,3,2020-01-18,1755000.00,INR
4604,Rahul,Chen,rahul.chen4@acme.example,IN,India,1,Engineering,1,Software Engineer,3,2019-03-09,2882000.00,INR
4628,Jun,Kim,jun.kim@acme.example,IN,India,1,Engineering,2,QA Engineer,3,2023-01-11,2062000.00,INR
4645,Emma,Jones,emma.jones4@acme.example,IN,India,6,Marketing,28,SEO Specialist,3,2016-10-25,1718000.00,INR
4669,Isabella,Costa,isabella.costa3@acme.example,IN,India,1,Engineering,1,Software Engineer,3,2013-09-01,2629000.00,INR
4698,Olivia,Johnson,olivia.johnson3@acme.example,IN,India,1,Engineering,1,Software Engineer,3,2018-03-13,5200000.00,INR
4722,Isabella,Pereira,isabella.pereira4@acme.example,IN,India,5,Sales,24,Solutions Consultant,3,2019-09-08,2720000.00,INR
4741,Jun,Nair,jun.nair3@acme.example,IN,India,1,Engineering,5,Security Engineer,3,2021-10-21,3137000.00,INR
4859,Ethan,Clarke,ethan.clarke2@acme.example,IN,India,7,Finance,31,Accountant,3,2020-09-30,1429000.00,INR
4917,Omar,Lee,omar.lee5@acme.example,IN,India,1,Engineering,1,Software Engineer,3,2017-01-18,2443000.00,INR
4924,Hui,Taylor,hui.taylor3@acme.example,IN,India,1,Engineering,2,QA Engineer,3,2015-08-05,1969000.00,INR
4968,James,Roy,james.roy8@acme.example,IN,India,3,Design,15,Content Designer,3,2018-04-24,1989000.00,INR
4984,Kenji,Santos,kenji.santos4@acme.example,IN,India,2,Product,9,Product Operations Specialist,3,2017-08-26,1952000.00,INR
5041,Priyanka,Ng,priyanka.ng3@acme.example,IN,India,1,Engineering,1,Software Engineer,3,2018-04-02,2487000.00,INR
5049,Emma,Tan,emma.tan3@acme.example,IN,India,2,Product,6,Product Manager,3,2013-03-21,2597000.00,INR
5084,Priya,Wong,priya.wong5@acme.example,IN,India,2,Product,6,Product Manager,3,2021-11-16,2316000.00,INR
5087,Rahul,Smith,rahul.smith5@acme.example,IN,India,7,Finance,32,Financial Analyst,3,2013-12-28,2304000.00,INR
5124,Hui,Clarke,hui.clarke4@acme.example,IN,India,3,Design,13,UX Researcher,3,2025-12-08,2291000.00,INR
5172,Lucas,Fischer,lucas.fischer@acme.example,IN,India,1,Engineering,2,QA Engineer,3,2023-04-20,2285000.00,INR
5203,Vikram,Tan,vikram.tan5@acme.example,IN,India,1,Engineering,3,DevOps Engineer,3,2026-03-22,2923000.00,INR
5219,Kenji,Fischer,kenji.fischer6@acme.example,IN,India,5,Sales,21,Account Executive,3,2016-02-23,2759000.00,INR
5229,Daniel,Weber,daniel.weber4@acme.example,IN,India,1,Engineering,1,Software Engineer,3,2017-11-23,2410000.00,INR
5240,Priya,Nguyen,priya.nguyen3@acme.example,IN,India,1,Engineering,1,Software Engineer,3,2018-09-23,2491000.00,INR
5243,Liam,Roy,liam.roy3@acme.example,IN,India,2,Product,8,Business Analyst,3,2016-03-31,1865000.00,INR
5255,Aarav,Singh,aarav.singh10@acme.example,IN,India,5,Sales,25,Customer Success Manager,3,2025-06-17,2303000.00,INR
5257,Isabella,Silva,isabella.silva9@acme.example,IN,India,4,Data & Analytics,17,Data Scientist,3,2014-02-24,3256000.00,INR
5273,Ethan,Becker,ethan.becker4@acme.example,IN,India,1,Engineering,1,Software Engineer,3,2015-06-27,2505000.00,INR
5276,Oliver,Oliveira,oliver.oliveira3@acme.example,IN,India,7,Finance,31,Accountant,3,2017-12-22,1598000.00,INR
5290,Priyanka,Reddy,priyanka.reddy3@acme.example,IN,India,1,Engineering,1,Software Engineer,3,2016-09-25,2478000.00,INR
5292,Oliver,Reddy,oliver.reddy3@acme.example,IN,India,1,Engineering,2,QA Engineer,3,2024-06-02,1917000.00,INR
5308,Aarav,Roy,aarav.roy4@acme.example,IN,India,1,Engineering,5,Security Engineer,3,2014-07-31,3051000.00,INR
5311,Olivia,Nguyen,olivia.nguyen2@acme.example,IN,India,5,Sales,24,Solutions Consultant,3,2024-07-28,2099000.00,INR
5335,Charlotte,Souza,charlotte.souza4@acme.example,IN,India,8,Human Resources,37,HR Business Partner,3,2012-08-27,1636000.00,INR
5337,Olivia,Singh,olivia.singh6@acme.example,IN,India,7,Finance,32,Financial Analyst,3,2020-06-29,1799000.00,INR
5380,James,Wong,james.wong4@acme.example,IN,India,4,Data & Analytics,20,ML Engineer,3,2020-07-03,3048000.00,INR
5391,Priyanka,Singh,priyanka.singh5@acme.example,IN,India,4,Data & Analytics,18,Data Engineer,3,2016-09-02,2764000.00,INR
5399,James,Johnson,james.johnson@acme.example,IN,India,1,Engineering,2,QA Engineer,3,2024-09-14,1923000.00,INR
5421,James,Costa,james.costa3@acme.example,IN,India,2,Product,6,Product Manager,3,2022-07-20,2935000.00,INR
5471,Lucas,Roy,lucas.roy3@acme.example,IN,India,2,Product,6,Product Manager,3,2014-05-30,2436000.00,INR
5494,Olivia,Iyer,olivia.iyer4@acme.example,IN,India,1,Engineering,1,Software Engineer,3,2023-01-04,2921000.00,INR
5496,Hui,Patel,hui.patel6@acme.example,IN,India,5,Sales,25,Customer Success Manager,3,2012-10-01,2177000.00,INR
5501,Lena,Pereira,lena.pereira7@acme.example,IN,India,7,Finance,32,Financial Analyst,3,2019-05-22,1809000.00,INR
5504,Jonas,Gupta,jonas.gupta2@acme.example,IN,India,1,Engineering,3,DevOps Engineer,3,2014-02-07,2641000.00,INR
5506,Felix,Wong,felix.wong6@acme.example,IN,India,4,Data & Analytics,16,Data Analyst,3,2019-01-14,1988000.00,INR
5514,Omar,Weber,omar.weber6@acme.example,IN,India,1,Engineering,1,Software Engineer,3,2018-02-17,2476000.00,INR
5523,Hannah,Evans,hannah.evans5@acme.example,IN,India,6,Marketing,30,Growth Marketer,3,2017-12-01,1992000.00,INR
5524,Priyanka,Wilson,priyanka.wilson6@acme.example,IN,India,1,Engineering,1,Software Engineer,3,2025-06-29,2645000.00,INR
5539,Lucas,Reddy,lucas.reddy5@acme.example,IN,India,2,Product,8,Business Analyst,3,2012-09-08,1969000.00,INR
5541,Meera,Santos,meera.santos2@acme.example,IN,India,2,Product,9,Product Operations Specialist,3,2023-10-26,1787000.00,INR
5546,Arjun,Wagner,arjun.wagner6@acme.example,IN,India,2,Product,8,Business Analyst,3,2019-10-15,1869000.00,INR
5560,Gabriel,Lee,gabriel.lee5@acme.example,IN,India,7,Finance,32,Financial Analyst,3,2012-12-18,1932000.00,INR
5569,Isabella,Lim,isabella.lim3@acme.example,IN,India,2,Product,7,Technical Program Manager,3,2012-03-07,2668000.00,INR
5641,Hannah,Martin,hannah.martin5@acme.example,IN,India,1,Engineering,1,Software Engineer,3,2013-08-11,2850000.00,INR
5642,Sophia,Johnson,sophia.johnson2@acme.example,IN,India,1,Engineering,1,Software Engineer,3,2017-04-17,2836000.00,INR
5657,Lucas,Ng,lucas.ng6@acme.example,IN,India,8,Human Resources,37,HR Business Partner,3,2023-02-17,1812000.00,INR
5666,Liam,Tan,liam.tan5@acme.example,IN,India,4,Data & Analytics,18,Data Engineer,3,2013-05-29,2776000.00,INR
5684,Fatima,Taylor,fatima.taylor9@acme.example,IN,India,2,Product,8,Business Analyst,3,2025-01-15,2086000.00,INR
5747,Sophia,Williams,sophia.williams4@acme.example,IN,India,4,Data & Analytics,16,Data Analyst,3,2021-10-31,2053000.00,INR
5773,Vikram,Nguyen,vikram.nguyen@acme.example,IN,India,3,Design,12,UI Designer,3,2016-02-08,2311000.00,INR
5778,Oliver,Evans,oliver.evans5@acme.example,IN,India,1,Engineering,1,Software Engineer,3,2023-07-09,2940000.00,INR
5790,Sophia,Wong,sophia.wong@acme.example,IN,India,4,Data & Analytics,16,Data Analyst,3,2016-11-15,1769000.00,INR
5820,Mei,Taylor,mei.taylor3@acme.example,IN,India,8,Human Resources,36,Recruiter,3,2018-02-27,1832000.00,INR
5856,Mateus,Roy,mateus.roy5@acme.example,IN,India,1,Engineering,3,DevOps Engineer,3,2021-01-11,2914000.00,INR
5870,Hui,Becker,hui.becker6@acme.example,IN,India,4,Data & Analytics,17,Data Scientist,3,2015-03-31,3199000.00,INR
5881,Isabella,Patel,isabella.patel5@acme.example,IN,India,1,Engineering,1,Software Engineer,3,2023-01-22,3135000.00,INR
5884,Vikram,Roy,vikram.roy8@acme.example,IN,India,4,Data & Analytics,19,BI Developer,3,2020-02-18,2031000.00,INR
5892,Sara,Santos,sara.santos5@acme.example,IN,India,7,Finance,31,Accountant,3,2016-07-20,1548000.00,INR
5895,Oliver,Silva,oliver.silva4@acme.example,IN,India,6,Marketing,30,Growth Marketer,3,2013-03-15,2101000.00,INR
5898,Daniel,Gupta,daniel.gupta5@acme.example,IN,India,2,Product,6,Product Manager,3,2021-05-12,2672000.00,INR
5900,Hui,Lim,hui.lim2@acme.example,IN,India,6,Marketing,26,Marketing Manager,3,2020-08-18,2051000.00,INR
5919,Noah,Sharma,noah.sharma8@acme.example,IN,India,1,Engineering,2,QA Engineer,3,2026-04-18,2137000.00,INR
6006,Vikram,Ng,vikram.ng3@acme.example,IN,India,1,Engineering,2,QA Engineer,3,2016-04-11,2057000.00,INR
6007,Felix,Martin,felix.martin4@acme.example,IN,India,2,Product,7,Technical Program Manager,3,2026-06-04,2983000.00,INR
6033,Daniel,Davies,daniel.davies2@acme.example,IN,India,1,Engineering,2,QA Engineer,3,2013-03-30,2289000.00,INR
6061,Aarav,Lee,aarav.lee6@acme.example,IN,India,1,Engineering,1,Software Engineer,3,2021-11-03,2640000.00,INR
6078,Liam,Lim,liam.lim4@acme.example,IN,India,1,Engineering,1,Software Engineer,3,2014-08-18,2855000.00,INR
6101,Sara,Tan,sara.tan6@acme.example,IN,India,1,Engineering,1,Software Engineer,3,2013-08-08,2711000.00,INR
6138,Arjun,Martin,arjun.martin6@acme.example,IN,India,2,Product,9,Product Operations Specialist,3,2016-05-17,1937000.00,INR
6154,Mei,Evans,mei.evans4@acme.example,IN,India,3,Design,11,UX Designer,3,2024-08-25,2074000.00,INR
6180,Mia,Brown,mia.brown4@acme.example,IN,India,6,Marketing,29,Brand Manager,3,2023-04-02,1941000.00,INR
6188,Mateus,Souza,mateus.souza7@acme.example,IN,India,3,Design,13,UX Researcher,3,2019-10-15,2213000.00,INR
6220,Rahul,Martin,rahul.martin@acme.example,IN,India,1,Engineering,1,Software Engineer,3,2016-07-29,2515000.00,INR
6225,Gabriel,Sharma,gabriel.sharma5@acme.example,IN,India,8,Human Resources,36,Recruiter,3,2018-04-16,1667000.00,INR
6266,Lucas,Fischer,lucas.fischer3@acme.example,IN,India,3,Design,13,UX Researcher,3,2023-08-21,2276000.00,INR
6289,Priyanka,Martin,priyanka.martin5@acme.example,IN,India,2,Product,8,Business Analyst,3,2015-12-30,1951000.00,INR
6318,Beatriz,Ng,beatriz.ng3@acme.example,IN,India,1,Engineering,1,Software Engineer,3,2016-04-16,2479000.00,INR
6354,Noah,Johnson,noah.johnson5@acme.example,IN,India,1,Engineering,3,DevOps Engineer,3,2024-05-16,2822000.00,INR
6357,Beatriz,Santos,beatriz.santos4@acme.example,IN,India,5,Sales,24,Solutions Consultant,3,2019-03-27,2355000.00,INR
6365,Isabella,Williams,isabella.williams4@acme.example,IN,India,8,Human Resources,36,Recruiter,3,2024-03-24,1637000.00,INR
6429,Liam,Weber,liam.weber6@acme.example,IN,India,4,Data & Analytics,16,Data Analyst,3,2015-11-16,2210000.00,INR
6437,Mei,Souza,mei.souza6@acme.example,IN,India,1,Engineering,1,Software Engineer,3,2013-07-27,2560000.00,INR
6468,Daniel,Wagner,daniel.wagner7@acme.example,IN,India,6,Marketing,28,SEO Specialist,3,2024-01-31,1575000.00,INR
6534,Hui,Schmidt,hui.schmidt5@acme.example,IN,India,8,Human Resources,37,HR Business Partner,3,2015-01-05,2046000.00,INR
6634,Mateus,Fischer,mateus.fischer5@acme.example,IN,India,4,Data & Analytics,16,Data Analyst,3,2020-03-04,1873000.00,INR
6636,Mateus,Brown,mateus.brown8@acme.example,IN,India,4,Data & Analytics,19,BI Developer,3,2019-04-02,1760000.00,INR
6637,Camila,Roy,camila.roy7@acme.example,IN,India,2,Product,8,Business Analyst,3,2016-01-05,2059000.00,INR
6667,Ethan,Patel,ethan.patel3@acme.example,IN,India,2,Product,7,Technical Program Manager,3,2020-04-13,2746000.00,INR
6669,Oliver,Lim,oliver.lim3@acme.example,IN,India,4,Data & Analytics,16,Data Analyst,3,2018-02-27,1978000.00,INR
6673,Isabella,Chen,isabella.chen@acme.example,IN,India,6,Marketing,26,Marketing Manager,3,2018-07-02,2136000.00,INR
6676,Mateus,Singh,mateus.singh4@acme.example,IN,India,3,Design,11,UX Designer,3,2022-08-03,2208000.00,INR
6678,Isabella,Iyer,isabella.iyer6@acme.example,IN,India,1,Engineering,1,Software Engineer,3,2017-04-25,2815000.00,INR
6680,Emma,Gupta,emma.gupta8@acme.example,IN,India,1,Engineering,2,QA Engineer,3,2016-06-23,2102000.00,INR
6700,Wei,Tan,wei.tan8@acme.example,IN,India,8,Human Resources,36,Recruiter,3,2025-10-26,1769000.00,INR
6701,Oliver,Wagner,oliver.wagner4@acme.example,IN,India,1,Engineering,1,Software Engineer,3,2025-07-16,5060000.00,INR
6718,Vikram,Schmidt,vikram.schmidt7@acme.example,IN,India,1,Engineering,2,QA Engineer,3,2013-06-12,2062000.00,INR
6763,Jonas,Souza,jonas.souza7@acme.example,IN,India,6,Marketing,29,Brand Manager,3,2018-02-02,1809000.00,INR
6771,Priya,Fischer,priya.fischer5@acme.example,IN,India,4,Data & Analytics,17,Data Scientist,3,2019-10-04,1404000.00,INR
6772,Charlotte,Iyer,charlotte.iyer5@acme.example,IN,India,4,Data & Analytics,18,Data Engineer,3,2025-02-01,2958000.00,INR
6808,Meera,Reddy,meera.reddy4@acme.example,IN,India,8,Human Resources,38,Compensation Analyst,3,2012-03-09,1608000.00,INR
6828,Vikram,Nair,vikram.nair3@acme.example,IN,India,1,Engineering,2,QA Engineer,3,2012-01-18,1844000.00,INR
6833,Ananya,Lee,ananya.lee7@acme.example,IN,India,7,Finance,31,Accountant,3,2026-07-07,1661000.00,INR
6845,Oliver,Lee,oliver.lee11@acme.example,IN,India,2,Product,8,Business Analyst,3,2014-01-17,1716000.00,INR
6848,Chloe,Brown,chloe.brown7@acme.example,IN,India,2,Product,8,Business Analyst,3,2026-07-29,2150000.00,INR
6858,Meera,Sharma,meera.sharma10@acme.example,IN,India,4,Data & Analytics,19,BI Developer,3,2012-07-21,2231000.00,INR
6880,Mei,Ng,mei.ng7@acme.example,IN,India,4,Data & Analytics,16,Data Analyst,3,2012-03-26,1776000.00,INR
6895,Rahul,Williams,rahul.williams4@acme.example,IN,India,2,Product,7,Technical Program Manager,3,2020-11-28,2926000.00,INR
6901,James,Brown,james.brown6@acme.example,IN,India,5,Sales,21,Account Executive,3,2023-02-08,2464000.00,INR
6962,Vikram,Roy,vikram.roy9@acme.example,IN,India,4,Data & Analytics,17,Data Scientist,3,2018-02-10,3331000.00,INR
6964,Omar,Silva,omar.silva7@acme.example,IN,India,1,Engineering,5,Security Engineer,3,2016-08-23,2847000.00,INR
6965,Arjun,Wong,arjun.wong5@acme.example,IN,India,1,Engineering,5,Security Engineer,3,2015-08-12,3270000.00,INR
6978,Ethan,Brown,ethan.brown5@acme.example,IN,India,7,Finance,32,Financial Analyst,3,2020-01-19,2026000.00,INR
6983,Sara,Pereira,sara.pereira4@acme.example,IN,India,5,Sales,25,Customer Success Manager,3,2018-02-01,2352000.00,INR
6989,Mei,Santos,mei.santos5@acme.example,IN,India,4,Data & Analytics,17,Data Scientist,3,2015-08-10,2723000.00,INR
6990,Emma,Wagner,emma.wagner4@acme.example,IN,India,5,Sales,25,Customer Success Manager,3,2019-02-28,2355000.00,INR
6994,James,Wong,james.wong5@acme.example,IN,India,1,Engineering,2,QA Engineer,3,2018-09-17,1932000.00,INR
7001,Felix,Williams,felix.williams5@acme.example,IN,India,4,Data & Analytics,16,Data Analyst,3,2023-07-12,2011000.00,INR
7033,Lukas,Wagner,lukas.wagner8@acme.example,IN,India,1,Engineering,1,Software Engineer,3,2025-07-30,2418000.00,INR
7080,Emma,Patel,emma.patel4@acme.example,IN,India,1,Engineering,3,DevOps Engineer,3,2024-10-14,2607000.00,INR
7138,Isabella,Chen,isabella.chen2@acme.example,IN,India,4,Data & Analytics,16,Data Analyst,3,2025-05-09,2087000.00,INR
7142,Noah,Wilson,noah.wilson4@acme.example,IN,India,4,Data & Analytics,18,Data Engineer,3,2015-01-11,2723000.00,INR
7154,Oliver,Chen,oliver.chen4@acme.example,IN,India,5,Sales,25,Customer Success Manager,3,2023-12-22,2575000.00,INR
7181,Felix,Davies,felix.davies10@acme.example,IN,India,4,Data & Analytics,17,Data Scientist,3,2017-11-03,2933000.00,INR
7189,Hui,Patel,hui.patel8@acme.example,IN,India,5,Sales,25,Customer Success Manager,3,2018-02-08,1966000.00,INR
7203,Daniel,Costa,daniel.costa6@acme.example,IN,India,5,Sales,25,Customer Success Manager,3,2021-05-01,1962000.00,INR
7205,Olivia,Martin,olivia.martin5@acme.example,IN,India,3,Design,15,Content Designer,3,2014-12-22,2368000.00,INR
7237,Aarav,Lee,aarav.lee8@acme.example,IN,India,4,Data & Analytics,18,Data Engineer,3,2013-08-22,2726000.00,INR
7251,Sophia,Santos,sophia.santos10@acme.example,IN,India,5,Sales,25,Customer Success Manager,3,2025-01-25,1957000.00,INR
7280,Sara,Mueller,sara.mueller4@acme.example,IN,India,2,Product,7,Technical Program Manager,3,2024-04-09,2930000.00,INR
7317,Oliver,Nguyen,oliver.nguyen3@acme.example,IN,India,5,Sales,24,Solutions Consultant,3,2025-04-26,2221000.00,INR
7318,Rahul,Wong,rahul.wong6@acme.example,IN,India,1,Engineering,1,Software Engineer,3,2023-09-02,2919000.00,INR
7324,Priyanka,Reddy,priyanka.reddy6@acme.example,IN,India,1,Engineering,1,Software Engineer,3,2022-07-20,2784000.00,INR
7360,Fatima,Wagner,fatima.wagner5@acme.example,IN,India,4,Data & Analytics,16,Data Analyst,3,2017-05-29,2006000.00,INR
7362,Omar,Becker,omar.becker7@acme.example,IN,India,5,Sales,21,Account Executive,3,2016-10-20,2652000.00,INR
7371,Priyanka,Martin,priyanka.martin6@acme.example,IN,India,1,Engineering,2,QA Engineer,3,2014-11-04,2205000.00,INR
7388,Lucas,Wong,lucas.wong6@acme.example,IN,India,4,Data & Analytics,20,ML Engineer,3,2022-02-21,2717000.00,INR
7393,Noah,Rao,noah.rao9@acme.example,IN,India,1,Engineering,2,QA Engineer,3,2014-04-06,2071000.00,INR
7413,Oliver,Patel,oliver.patel8@acme.example,IN,India,7,Finance,31,Accountant,3,2023-07-26,1791000.00,INR
7438,Meera,Wilson,meera.wilson2@acme.example,IN,India,2,Product,8,Business Analyst,3,2022-08-05,1925000.00,INR
7441,Charlotte,Lim,charlotte.lim6@acme.example,IN,India,1,Engineering,1,Software Engineer,3,2023-06-13,2502000.00,INR
7448,Lena,Chen,lena.chen3@acme.example,IN,India,1,Engineering,2,QA Engineer,3,2015-06-09,1921000.00,INR
7457,Omar,Tan,omar.tan4@acme.example,IN,India,1,Engineering,1,Software Engineer,3,2018-05-13,2880000.00,INR
7474,Daniel,Silva,daniel.silva2@acme.example,IN,India,6,Marketing,30,Growth Marketer,3,2017-10-22,1932000.00,INR
7478,Mei,Chen,mei.chen7@acme.example,IN,India,4,Data & Analytics,20,ML Engineer,3,2020-03-05,2707000.00,INR
7492,Jun,Jones,jun.jones3@acme.example,IN,India,2,Product,8,Business Analyst,3,2019-04-13,1788000.00,INR
7499,Felix,Chen,felix.chen4@acme.example,IN,India,1,Engineering,1,Software Engineer,3,2012-05-31,2462000.00,INR
7517,Lukas,Martin,lukas.martin4@acme.example,IN,India,2,Product,9,Product Operations Specialist,3,2021-08-18,1945000.00,INR
7536,Arjun,Fischer,arjun.fischer7@acme.example,IN,India,1,Engineering,1,Software Engineer,3,2013-03-09,2763000.00,INR
7547,Sara,Wagner,sara.wagner4@acme.example,IN,India,5,Sales,25,Customer Success Manager,3,2015-05-13,2239000.00,INR
7606,Gabriel,Nguyen,gabriel.nguyen7@acme.example,IN,India,1,Engineering,1,Software Engineer,3,2025-06-29,2786000.00,INR
7639,Hannah,Wagner,hannah.wagner7@acme.example,IN,India,4,Data & Analytics,17,Data Scientist,3,2019-10-07,2667000.00,INR
7658,Beatriz,Johnson,beatriz.johnson5@acme.example,IN,India,1,Engineering,1,Software Engineer,3,2013-05-09,2652000.00,INR
7683,Liam,Weber,liam.weber9@acme.example,IN,India,4,Data & Analytics,16,Data Analyst,3,2019-11-08,1974000.00,INR
7684,Arjun,Patel,arjun.patel9@acme.example,IN,India,1,Engineering,1,Software Engineer,3,2022-09-02,3074000.00,INR
7687,Sara,Wong,sara.wong4@acme.example,IN,India,1,Engineering,2,QA Engineer,3,2021-07-12,2141000.00,INR
7708,Fatima,Fischer,fatima.fischer5@acme.example,IN,India,5,Sales,24,Solutions Consultant,3,2022-11-24,2519000.00,INR
7723,Jonas,Fischer,jonas.fischer3@acme.example,IN,India,4,Data & Analytics,17,Data Scientist,3,2018-02-14,3180000.00,INR
7731,Priya,Tan,priya.tan5@acme.example,IN,India,1,Engineering,5,Security Engineer,3,2018-08-12,3037000.00,INR
7767,Vikram,Wilson,vikram.wilson7@acme.example,IN,India,4,Data & Analytics,18,Data Engineer,3,2021-05-11,3449000.00,INR
7812,Sophia,Silva,sophia.silva6@acme.example,IN,India,5,Sales,21,Account Executive,3,2024-05-05,2329000.00,INR
7856,Sneha,Johnson,sneha.johnson5@acme.example,IN,India,1,Engineering,1,Software Engineer,3,2023-02-03,2635000.00,INR
7871,Camila,Williams,camila.williams5@acme.example,IN,India,5,Sales,25,Customer Success Manager,3,2013-01-07,2189000.00,INR
7876,Sophia,Jones,sophia.jones6@acme.example,IN,India,3,Design,13,UX Researcher,3,2013-01-26,2248000.00,INR
7895,Rahul,Wagner,rahul.wagner5@acme.example,IN,India,2,Product,6,Product Manager,3,2024-01-10,2699000.00,INR
7911,Emma,Santos,emma.santos5@acme.example,IN,India,6,Marketing,28,SEO Specialist,3,2022-08-15,1567000.00,INR
7922,Mei,Nair,mei.nair6@acme.example,IN,India,4,Data & Analytics,16,Data Analyst,3,2024-12-24,1884000.00,INR
7996,Ethan,Sharma,ethan.sharma4@acme.example,IN,India,3,Design,12,UI Designer,3,2016-01-13,2105000.00,INR
8012,Sneha,Sharma,sneha.sharma10@acme.example,IN,India,1,Engineering,1,Software Engineer,3,2022-02-05,2592000.00,INR
8048,Lukas,Reddy,lukas.reddy8@acme.example,IN,India,1,Engineering,1,Software Engineer,3,2012-09-15,2838000.00,INR
8070,Sara,Chen,sara.chen3@acme.example,IN,India,4,Data & Analytics,17,Data Scientist,3,2014-11-29,2764000.00,INR
8079,Camila,Wilson,camila.wilson4@acme.example,IN,India,4,Data & Analytics,17,Data Scientist,3,2026-02-22,3229000.00,INR
8109,Liam,Jones,liam.jones10@acme.example,IN,India,8,Human Resources,36,Recruiter,3,2024-06-15,1763000.00,INR
8111,Sneha,Costa,sneha.costa3@acme.example,IN,India,3,Design,15,Content Designer,3,2021-09-02,1920000.00,INR
8131,Isabella,Fischer,isabella.fischer4@acme.example,IN,India,1,Engineering,1,Software Engineer,3,2017-01-23,5366000.00,INR
8136,Fatima,Chen,fatima.chen2@acme.example,IN,India,6,Marketing,28,SEO Specialist,3,2019-05-04,1527000.00,INR
8176,Kenji,Ng,kenji.ng3@acme.example,IN,India,3,Design,12,UI Designer,3,2026-07-31,2248000.00,INR
8182,Hui,Martin,hui.martin10@acme.example,IN,India,3,Design,11,UX Designer,3,2025-02-22,2144000.00,INR
8205,Sophia,Wilson,sophia.wilson3@acme.example,IN,India,4,Data & Analytics,19,BI Developer,3,2020-05-14,1852000.00,INR
8213,Ethan,Tan,ethan.tan8@acme.example,IN,India,3,Design,11,UX Designer,3,2020-01-15,2056000.00,INR
8223,Vikram,Nguyen,vikram.nguyen6@acme.example,IN,India,1,Engineering,3,DevOps Engineer,3,2012-11-10,2439000.00,INR
8257,Olivia,Williams,olivia.williams5@acme.example,IN,India,2,Product,8,Business Analyst,3,2016-11-22,2192000.00,INR
8263,Ethan,Oliveira,ethan.oliveira2@acme.example,IN,India,1,Engineering,1,Software Engineer,3,2024-05-25,2762000.00,INR
8268,Charlotte,Wagner,charlotte.wagner4@acme.example,IN,India,1,Engineering,3,DevOps Engineer,3,2018-08-05,2803000.00,INR
8275,Mia,Brown,mia.brown7@acme.example,IN,India,4,Data & Analytics,16,Data Analyst,3,2015-12-10,1830000.00,INR
8323,Noah,Oliveira,noah.oliveira9@acme.example,IN,India,1,Engineering,1,Software Engineer,3,2016-03-06,2601000.00,INR
8328,Priyanka,Ng,priyanka.ng4@acme.example,IN,India,2,Product,9,Product Operations Specialist,3,2024-10-11,1591000.00,INR
8337,Noah,Nair,noah.nair6@acme.example,IN,India,4,Data & Analytics,18,Data Engineer,3,2013-03-06,2534000.00,INR
8340,Charlotte,Taylor,charlotte.taylor2@acme.example,IN,India,5,Sales,21,Account Executive,3,2019-02-28,2561000.00,INR
8342,Isabella,Oliveira,isabella.oliveira6@acme.example,IN,India,4,Data & Analytics,20,ML Engineer,3,2015-09-20,2546000.00,INR
8347,Priyanka,Gupta,priyanka.gupta13@acme.example,IN,India,1,Engineering,1,Software Engineer,3,2013-12-02,2494000.00,INR
8356,Jonas,Tan,jonas.tan8@acme.example,IN,India,1,Engineering,1,Software Engineer,3,2014-02-20,2592000.00,INR
8372,Priyanka,Lim,priyanka.lim5@acme.example,IN,India,1,Engineering,2,QA Engineer,3,2014-07-16,2147000.00,INR
8379,Kenji,Roy,kenji.roy6@acme.example,IN,India,5,Sales,25,Customer Success Manager,3,2015-04-12,2066000.00,INR
8388,Arjun,Lim,arjun.lim10@acme.example,IN,India,4,Data & Analytics,18,Data Engineer,3,2012-02-17,2830000.00,INR
8391,Jonas,Smith,jonas.smith8@acme.example,IN,India,4,Data & Analytics,18,Data Engineer,3,2013-01-29,2968000.00,INR
8400,Omar,Wagner,omar.wagner6@acme.example,IN,India,4,Data & Analytics,18,Data Engineer,3,2023-06-19,2867000.00,INR
8425,Priyanka,Weber,priyanka.weber11@acme.example,IN,India,2,Product,8,Business Analyst,3,2017-06-29,1971000.00,INR
8456,Priya,Wilson,priya.wilson8@acme.example,IN,India,6,Marketing,26,Marketing Manager,3,2019-04-16,2300000.00,INR
8467,Mei,Clarke,mei.clarke6@acme.example,IN,India,8,Human Resources,37,HR Business Partner,3,2022-06-22,1784000.00,INR
8476,Rahul,Gupta,rahul.gupta8@acme.example,IN,India,1,Engineering,3,DevOps Engineer,3,2015-03-31,2301000.00,INR
8481,Arjun,Johnson,arjun.johnson5@acme.example,IN,India,1,Engineering,1,Software Engineer,3,2021-03-19,2664000.00,INR
8486,Mateus,Martin,mateus.martin12@acme.example,IN,India,2,Product,6,Product Manager,3,2015-10-21,2509000.00,INR
8509,Mia,Oliveira,mia.oliveira5@acme.example,IN,India,4,Data & Analytics,16,Data Analyst,3,2022-10-12,3555000.00,INR
8554,Olivia,Williams,olivia.williams6@acme.example,IN,India,2,Product,6,Product Manager,3,2013-04-04,2546000.00,INR
8596,Emma,Singh,emma.singh6@acme.example,IN,India,1,Engineering,1,Software Engineer,3,2021-04-14,2532000.00,INR
8608,Sophia,Schmidt,sophia.schmidt7@acme.example,IN,India,3,Design,11,UX Designer,3,2018-07-06,2261000.00,INR
8618,Arjun,Sharma,arjun.sharma6@acme.example,IN,India,2,Product,6,Product Manager,3,2016-02-18,2861000.00,INR
8629,Lukas,Wong,lukas.wong9@acme.example,IN,India,5,Sales,21,Account Executive,3,2022-02-12,2328000.00,INR
8638,Meera,Chen,meera.chen7@acme.example,IN,India,1,Engineering,3,DevOps Engineer,3,2018-07-20,2590000.00,INR
8664,Aarav,Pereira,aarav.pereira4@acme.example,IN,India,1,Engineering,2,QA Engineer,3,2014-11-27,2549000.00,INR
8675,Isabella,Sharma,isabella.sharma10@acme.example,IN,India,1,Engineering,1,Software Engineer,3,2014-08-14,2919000.00,INR
8678,Jun,Pereira,jun.pereira7@acme.example,IN,India,5,Sales,21,Account Executive,3,2023-06-07,2574000.00,INR
8690,Mateus,Schmidt,mateus.schmidt3@acme.example,IN,India,1,Engineering,1,Software Engineer,3,2018-08-05,2612000.00,INR
8757,Priyanka,Becker,priyanka.becker4@acme.example,IN,India,1,Engineering,5,Security Engineer,3,2019-02-19,2948000.00,INR
8762,Omar,Reddy,omar.reddy12@acme.example,IN,India,2,Product,8,Business Analyst,3,2024-03-09,1928000.00,INR
8778,Lena,Schmidt,lena.schmidt8@acme.example,IN,India,1,Engineering,1,Software Engineer,3,2018-08-28,2391000.00,INR
8787,Lukas,Kim,lukas.kim8@acme.example,IN,India,6,Marketing,27,Content Marketer,3,2025-07-09,1575000.00,INR
8822,Chloe,Brown,chloe.brown9@acme.example,IN,India,4,Data & Analytics,17,Data Scientist,3,2022-12-08,3274000.00,INR
8823,Jun,Santos,jun.santos9@acme.example,IN,India,4,Data & Analytics,16,Data Analyst,3,2021-01-25,1930000.00,INR
8851,Sara,Williams,sara.williams7@acme.example,IN,India,6,Marketing,27,Content Marketer,3,2020-08-06,1574000.00,INR
8879,Meera,Pereira,meera.pereira7@acme.example,IN,India,5,Sales,21,Account Executive,3,2016-05-21,2552000.00,INR
8884,Ethan,Fischer,ethan.fischer5@acme.example,IN,India,1,Engineering,1,Software Engineer,3,2023-12-29,2659000.00,INR
8895,Mia,Williams,mia.williams6@acme.example,IN,India,3,Design,11,UX Designer,3,2017-06-10,2449000.00,INR
8907,Isabella,Roy,isabella.roy4@acme.example,IN,India,6,Marketing,26,Marketing Manager,3,2015-10-02,2056000.00,INR
8912,Sneha,Clarke,sneha.clarke4@acme.example,IN,India,1,Engineering,1,Software Engineer,3,2014-01-26,2717000.00,INR
8915,Isabella,Clarke,isabella.clarke7@acme.example,IN,India,8,Human Resources,36,Recruiter,3,2024-09-04,1799000.00,INR
8924,Sophia,Tan,sophia.tan4@acme.example,IN,India,4,Data & Analytics,20,ML Engineer,3,2019-02-10,2886000.00,INR
8926,Kenji,Clarke,kenji.clarke10@acme.example,IN,India,2,Product,7,Technical Program Manager,3,2022-07-29,4660000.00,INR
8960,Isabella,Evans,isabella.evans6@acme.example,IN,India,7,Finance,32,Financial Analyst,3,2014-03-15,2280000.00,INR
8961,Meera,Roy,meera.roy10@acme.example,IN,India,1,Engineering,2,QA Engineer,3,2025-01-13,2020000.00,INR
9023,Sneha,Silva,sneha.silva8@acme.example,IN,India,6,Marketing,28,SEO Specialist,3,2012-06-20,1593000.00,INR
9041,Kenji,Wagner,kenji.wagner8@acme.example,IN,India,2,Product,6,Product Manager,3,2015-08-24,2572000.00,INR
9057,Arjun,Sharma,arjun.sharma7@acme.example,IN,India,5,Sales,24,Solutions Consultant,3,2024-08-14,2109000.00,INR
9058,Arjun,Silva,arjun.silva6@acme.example,IN,India,7,Finance,31,Accountant,3,2025-12-07,1725000.00,INR
9073,Omar,Kim,omar.kim6@acme.example,IN,India,4,Data & Analytics,17,Data Scientist,3,2012-10-29,2983000.00,INR
9083,Mei,Singh,mei.singh10@acme.example,IN,India,1,Engineering,1,Software Engineer,3,2019-03-04,2742000.00,INR
9098,Priya,Schmidt,priya.schmidt4@acme.example,IN,India,4,Data & Analytics,18,Data Engineer,3,2016-04-02,2799000.00,INR
9106,Daniel,Costa,daniel.costa9@acme.example,IN,India,1,Engineering,2,QA Engineer,3,2019-10-23,1975000.00,INR
9138,Lukas,Ng,lukas.ng6@acme.example,IN,India,8,Human Resources,37,HR Business Partner,3,2015-06-17,1645000.00,INR
9151,Chloe,Nair,chloe.nair5@acme.example,IN,India,5,Sales,24,Solutions Consultant,3,2022-09-21,4690000.00,INR
9174,Wei,Tan,wei.tan11@acme.example,IN,India,7,Finance,31,Accountant,3,2025-10-05,1438000.00,INR
9209,Jun,Kim,jun.kim4@acme.example,IN,India,3,Design,15,Content Designer,3,2019-03-29,2093000.00,INR
9210,James,Silva,james.silva6@acme.example,IN,India,8,Human Resources,38,Compensation Analyst,3,2025-11-13,1828000.00,INR
9213,Rahul,Lee,rahul.lee4@acme.example,IN,India,1,Engineering,1,Software Engineer,3,2021-05-10,2497000.00,INR
9223,Charlotte,Tan,charlotte.tan3@acme.example,IN,India,6,Marketing,30,Growth Marketer,3,2019-02-26,1973000.00,INR
9226,Mia,Iyer,mia.iyer8@acme.example,IN,India,8,Human Resources,36,Recruiter,3,2015-03-07,1719000.00,INR
9239,Jonas,Chen,jonas.chen7@acme.example,IN,India,2,Product,9,Product Operations Specialist,3,2026-02-19,1653000.00,INR
9257,Felix,Costa,felix.costa4@acme.example,IN,India,1,Engineering,1,Software Engineer,3,2024-03-16,2489000.00,INR
9259,Lukas,Sharma,lukas.sharma9@acme.example,IN,India,1,Engineering,2,QA Engineer,3,2024-05-02,2076000.00,INR
9276,Sneha,Clarke,sneha.clarke5@acme.example,IN,India,4,Data & Analytics,19,BI Developer,3,2016-11-19,2176000.00,INR
9282,Isabella,Smith,isabella.smith4@acme.example,IN,India,1,Engineering,3,DevOps Engineer,3,2022-12-31,2707000.00,INR
9284,Priyanka,Roy,priyanka.roy8@acme.example,IN,India,3,Design,11,UX Designer,3,2020-08-09,2413000.00,INR
9300,Gabriel,Lee,gabriel.lee8@acme.example,IN,India,1,Engineering,1,Software Engineer,3,2024-07-24,2858000.00,INR
9302,Vikram,Weber,vikram.weber7@acme.example,IN,India,1,Engineering,2,QA Engineer,3,2020-03-21,2303000.00,INR
9306,Arjun,Jones,arjun.jones9@acme.example,IN,India,1,Engineering,2,QA Engineer,3,2019-05-07,2105000.00,INR
9330,Liam,Wagner,liam.wagner8@acme.example,IN,India,5,Sales,21,Account Executive,3,2014-02-10,2823000.00,INR
9350,Oliver,Patel,oliver.patel9@acme.example,IN,India,1,Engineering,5,Security Engineer,3,2022-10-07,3744000.00,INR
9353,Beatriz,Santos,beatriz.santos8@acme.example,IN,India,5,Sales,25,Customer Success Manager,3,2022-10-11,2412000.00,INR
9358,Lena,Williams,lena.williams6@acme.example,IN,India,1,Engineering,3,DevOps Engineer,3,2025-03-31,2670000.00,INR
9360,Felix,Sharma,felix.sharma6@acme.example,IN,India,1,Engineering,1,Software Engineer,3,2012-02-05,2775000.00,INR
9362,Gabriel,Patel,gabriel.patel5@acme.example,IN,India,8,Human Resources,36,Recruiter,3,2020-02-10,1735000.00,INR
9364,Mateus,Clarke,mateus.clarke5@acme.example,IN,India,5,Sales,25,Customer Success Manager,3,2016-04-06,2155000.00,INR
9388,Daniel,Nguyen,daniel.nguyen6@acme.example,IN,India,7,Finance,35,Procurement Specialist,3,2023-11-02,1553000.00,INR
9414,Isabella,Taylor,isabella.taylor3@acme.example,IN,India,1,Engineering,1,Software Engineer,3,2014-09-01,2860000.00,INR
9440,Mei,Sharma,mei.sharma8@acme.example,IN,India,7,Finance,32,Financial Analyst,3,2018-06-21,2090000.00,INR
9442,Vikram,Roy,vikram.roy10@acme.example,IN,India,1,Engineering,1,Software Engineer,3,2016-05-08,2759000.00,INR
9496,Omar,Kim,omar.kim7@acme.example,IN,India,3,Design,15,Content Designer,3,2019-11-02,2205000.00,INR
9517,Sara,Roy,sara.roy4@acme.example,IN,India,6,Marketing,28,SEO Specialist,3,2019-07-22,1667000.00,INR
9522,Emma,Nair,emma.nair6@acme.example,IN,India,1,Engineering,5,Security Engineer,3,2018-10-18,3306000.00,INR
9540,Sneha,Wong,sneha.wong7@acme.example,IN,India,1,Engineering,3,DevOps Engineer,3,2016-01-23,2673000.00,INR
9545,Daniel,Becker,daniel.becker6@acme.example,IN,India,7,Finance,35,Procurement Specialist,3,2015-02-25,1766000.00,INR
9551,Mia,Santos,mia.santos6@acme.example,IN,India,6,Marketing,26,Marketing Manager,3,2025-10-22,1898000.00,INR
9594,Meera,Santos,meera.santos4@acme.example,IN,India,1,Engineering,5,Security Engineer,3,2024-05-03,2779000.00,INR
9596,Isabella,Williams,isabella.williams6@acme.example,IN,India,4,Data & Analytics,20,ML Engineer,3,2014-10-07,2948000.00,INR
9607,Wei,Wilson,wei.wilson11@acme.example,IN,India,1,Engineering,2,QA Engineer,3,2020-04-15,2465000.00,INR
9612,Kenji,Chen,kenji.chen13@acme.example,IN,India,1,Engineering,1,Software Engineer,3,2024-10-04,2704000.00,INR
9625,Oliver,Reddy,oliver.reddy11@acme.example,IN,India,1,Engineering,1,Software Engineer,3,2024-08-06,2704000.00,INR
9644,Noah,Patel,noah.patel5@acme.example,IN,India,5,Sales,24,Solutions Consultant,3,2022-03-27,2456000.00,INR
9648,Noah,Souza,noah.souza5@acme.example,IN,India,3,Design,13,UX Researcher,3,2012-03-29,2002000.00,INR
9650,Ananya,Pereira,ananya.pereira7@acme.example,IN,India,4,Data & Analytics,20,ML Engineer,3,2018-03-06,2853000.00,INR
9665,Vikram,Mueller,vikram.mueller9@acme.example,IN,India,5,Sales,21,Account Executive,3,2022-07-14,2568000.00,INR
9670,Felix,Taylor,felix.taylor7@acme.example,IN,India,1,Engineering,2,QA Engineer,3,2021-03-07,2119000.00,INR
9684,Gabriel,Nguyen,gabriel.nguyen11@acme.example,IN,India,1,Engineering,1,Software Engineer,3,2023-08-21,2615000.00,INR
9702,Hui,Davies,hui.davies5@acme.example,IN,India,6,Marketing,26,Marketing Manager,3,2022-02-01,2059000.00,INR
9722,Sneha,Wong,sneha.wong9@acme.example,IN,India,2,Product,6,Product Manager,3,2022-09-20,2894000.00,INR
9732,Liam,Gupta,liam.gupta9@acme.example,IN,India,5,Sales,24,Solutions Consultant,3,2018-05-04,2293000.00,INR
9743,Aarav,Wagner,aarav.wagner10@acme.example,IN,India,7,Finance,32,Financial Analyst,3,2018-05-16,1725000.00,INR
9750,Jun,Mueller,jun.mueller10@acme.example,IN,India,7,Finance,31,Accountant,3,2019-09-30,1706000.00,INR
9779,Gabriel,Roy,gabriel.roy8@acme.example,IN,India,4,Data & Analytics,16,Data Analyst,3,2024-01-21,1927000.00,INR
9786,Noah,Wilson,noah.wilson11@acme.example,IN,India,1,Engineering,1,Software Engineer,3,2013-01-12,2552000.00,INR
9788,Ananya,Fischer,ananya.fischer4@acme.example,IN,India,8,Human Resources,36,Recruiter,3,2025-07-07,3134000.00,INR
9794,Camila,Nair,camila.nair14@acme.example,IN,India,2,Product,6,Product Manager,3,2017-04-14,2947000.00,INR
9799,Beatriz,Patel,beatriz.patel8@acme.example,IN,India,3,Design,11,UX Designer,3,2013-06-17,2077000.00,INR
9815,Vikram,Santos,vikram.santos5@acme.example,IN,India,2,Product,9,Product Operations Specialist,3,2023-01-19,1076000.00,INR
9853,Beatriz,Clarke,beatriz.clarke4@acme.example,IN,India,4,Data & Analytics,17,Data Scientist,3,2022-12-20,3143000.00,INR
9854,Hui,Silva,hui.silva9@acme.example,IN,India,6,Marketing,26,Marketing Manager,3,2014-10-04,2012000.00,INR
9931,Omar,Iyer,omar.iyer10@acme.example,IN,India,3,Design,11,UX Designer,3,2012-06-02,1957000.00,INR
9975,James,Reddy,james.reddy8@acme.example,IN,India,1,Engineering,2,QA Engineer,3,2026-05-16,2336000.00,INR
9986,Sara,Nguyen,sara.nguyen3@acme.example,IN,India,6,Marketing,30,Growth Marketer,3,2016-12-30,1757000.00,INR
